,Mean,Std,Min,Max
GWO,232529.54575366084,255218.4496228574,98771.04725613064,1187996.9098840994
EGW-WOA,160426.29790578413,33320.945007069524,92588.72409081506,252722.46555052543
